<?xml version="1.0" encoding="UTF-8"?>


<form>
    <persons>
        <person>
            <real-name>Nick Nedd</real-name>
            <gender>Male</gender>
            <e-mail>nick@tick.com</e-mail>
            <birthyear>1976</birthyear>
            <hero-name>The Tick</hero-name>
            <spandex>Yes</spandex>
            <strength>9</strength>
            <speed>7</speed>
            <intelligence>5</intelligence>
            <wealth>0</wealth>
            <income>90287</income>
            <tax>29794</tax>
        </person>

        <person>
            <real-name>Bruce Wayne</real-name>
            <gender>Male</gender>
            <e-mail>bruce@wayneenterprises.com</e-mail>
            <birthyear>1974</birthyear>
            <hero-name>Batman</hero-name>
            <spandex>No</spandex>
            <strength>7</strength>
            <speed>4</speed>
            <intelligence>9</intelligence>
            <wealth>50144501</wealth>
            <income>3343891</income>
            <tax>11132384</tax>
        </person>

        <person>
            <real-name>Selina Kyle</real-name>
            <gender>Female</gender>
            <e-mail>selina@whiskas.com</e-mail>
            <birthyear>1977</birthyear>
            <hero-name>Catwoman</hero-name>
            <spandex>Yes</spandex>
            <strength>6</strength>
            <speed>6</speed>
            <intelligence>9</intelligence>
            <wealth>2987323</wealth>
            <income>0</income>
            <tax>597464</tax>
        </person>

    </persons>
</form>
